Employee_ID,Name,Department_ID,Designation,Salary,Joining_Date
1001,Inaaya  Gade,4,Marketing Executive,47652,2019-08-06
1002,Hansh Bansal,2,HR Manager,94093,2021-06-23
1003,Ojas Chandra,5,Sales Executive,97392,2017-08-19
1004,Suhana Chauhan,1,Data Engineer,64899,2017-01-30
1005,Samaira Sandal,5,Sales Manager,71490,2019-11-13
1006,Dhanush Sem,6,Operations Manager,68576,2018-09-26
1007,Faiyaz Mammen,1,Data Engineer,58041,2021-10-15
1008,Kiaan Varma,1,Developer,110501,2024-08-15
1009,Ritvik Sani,4,Brand Manager,101443,2018-07-26
1010,Dhanush Dewan,3,Accountant,99572,2021-08-11
1011,Aniruddh Bedi,4,Marketing Executive,119474,2021-08-18
1012,Drishya Bains,6,Operations Manager,64628,2020-02-26
1013,Nirvi Karan,4,Marketing Executive,93505,2024-11-26
1014,Oorja Chacko,2,HR Manager,85427,2024-09-22
1015,Shray Sami,3,Accountant,111979,2016-07-24
1016,Tarini Garde,4,Brand Manager,92569,2024-01-08
1017,Aayush Krishnamurthy,1,System Analyst,60980,2019-01-18
1018,Keya Taneja,1,Data Engineer,72147,2016-04-27
1019,Heer Balay,2,HR Executive,54499,2016-06-10
1020,Arhaan Rajagopalan,3,Analyst,113036,2024-02-21
1021,Lakshit Sharma,1,System Analyst,88747,2023-12-07
1022,Alia Bath,1,System Analyst,64302,2020-04-18
1023,Jhanvi Sengupta,6,Operations Executive,69131,2020-07-25
1024,Ahana  Sabharwal,5,Sales Manager,100522,2020-11-17
1025,Vihaan Mannan,6,Operations Executive,109356,2022-02-07
1026,Dhruv Dugar,3,Finance Manager,100153,2024-09-21
1027,Heer Jha,5,Sales Manager,33270,2022-09-18
1028,Kanav Sankar,3,Finance Manager,63826,2024-10-22
1029,Anaya Mane,2,HR Manager,103509,2017-01-26
1030,Mohanlal Bath,1,Developer,91470,2024-03-01
1031,Purab Loke,3,Finance Manager,55669,2018-12-14
1032,Divit Magar,3,Accountant,99786,2019-11-02
1033,Divyansh Raman,1,Developer,36760,2018-07-20
1034,Arnav Sani,4,Marketing Executive,102837,2022-10-29
1035,Hridaan Deo,2,HR Manager,57909,2021-01-18
1036,Shanaya Saran,5,Sales Manager,70856,2019-09-26
1037,Trisha Bakshi,5,Sales Manager,65182,2024-05-10
1038,Krish Ramachandran,5,Sales Manager,86029,2025-08-11
1039,Anay Varty,2,HR Executive,76811,2021-11-04
1040,Shlok Sabharwal,3,Analyst,86020,2017-06-14
1041,Ishita Dave,6,Operations Manager,91172,2020-02-14
1042,Pihu Deo,2,HR Manager,39293,2020-12-20
1043,Himmat Lad,2,HR Executive,97561,2020-03-19
1044,Saksham Kumer,3,Accountant,116502,2020-09-27
1045,Yuvraj  Dhar,1,System Analyst,119324,2025-05-06
1046,Miraan Kapoor,2,HR Manager,33299,2022-06-16
1047,Rania Kulkarni,5,Sales Manager,108569,2025-08-01
1048,Hridaan Bala,4,Brand Manager,110153,2021-11-25
1049,Nirvi Tata,2,HR Manager,81126,2021-03-20
1050,Rati Krishnamurthy,3,Finance Manager,40372,2022-02-23
1051,Biju Guha,3,Analyst,79477,2016-08-12
1052,Hiran Iyengar,5,Sales Executive,42481,2021-09-11
1053,Miraan Ganesan,1,System Analyst,65431,2015-12-23
1054,Zain Kara,4,Marketing Executive,92909,2022-08-23
1055,Anvi Chokshi,2,HR Executive,115054,2019-06-21
1056,Anahita Rajagopal,5,Sales Manager,69082,2023-08-17
1057,Ahana  Dora,2,HR Executive,45362,2025-02-07
1058,Anaya Singh,5,Sales Manager,54464,2018-08-27
1059,Lakshay Sankaran,5,Sales Executive,103600,2021-05-25
1060,Aarna Chauhan,4,Brand Manager,99256,2024-03-03
1061,Priyansh Shroff,1,Data Engineer,94234,2025-09-08
1062,Vidur Sur,5,Sales Manager,65915,2021-02-11
1063,Hiran Agate,4,Marketing Executive,96024,2024-07-16
1064,Ojas Banik,5,Sales Manager,116880,2022-08-16
1065,Ishita Loyal,3,Analyst,75841,2021-08-13
1066,Bhamini Madan,1,Developer,93052,2021-11-18
1067,Eva Singh,4,Marketing Executive,67113,2020-12-14
1068,Suhana Kunda,5,Sales Manager,115999,2021-04-18
1069,Nehmat Bose,3,Accountant,33537,2024-08-13
1070,Gatik Chawla,3,Finance Manager,107236,2023-05-20
1071,Ira Devi,2,HR Manager,71785,2023-01-15
1072,Kiaan Bora,3,Finance Manager,64217,2023-01-26
1073,Nishith Bahl,3,Finance Manager,91498,2021-11-18
1074,Ela Varty,4,Brand Manager,104410,2019-01-10
1075,Jivika Majumdar,4,Marketing Executive,101197,2018-09-13
1076,Hazel Walla,3,Accountant,91547,2018-03-25
1077,Ranbir Walla,6,Operations Executive,93130,2025-07-09
1078,Ehsaan Deshmukh,5,Sales Executive,111705,2016-04-20
1079,Advik Sule,3,Accountant,81413,2023-12-29
1080,Lagan Wali,3,Accountant,77989,2016-06-05
1081,Yasmin Madan,6,Operations Executive,61441,2021-07-05
1082,Yashvi Keer,4,Marketing Executive,114403,2022-08-14
1083,Alisha Roy,2,HR Manager,103545,2016-03-11
1084,Diya Bandi,2,HR Manager,96889,2021-01-03
1085,Reyansh Singh,6,Operations Manager,31222,2022-04-06
1086,Inaaya  Sen,3,Finance Manager,53046,2019-06-16
1087,Veer Rama,4,Marketing Executive,112600,2017-06-15
1088,Adira Chandra,4,Marketing Executive,110533,2024-08-07
1089,Mehul Kashyap,2,HR Executive,89729,2024-05-16
1090,Reyansh Kothari,5,Sales Executive,96939,2019-06-23
1091,Siya Khurana,3,Accountant,116073,2017-03-25
1092,Yasmin Deo,5,Sales Manager,90239,2025-06-14
1093,Umang Kanda,3,Analyst,54729,2022-11-17
1094,Lakshay Shan,6,Operations Executive,36548,2024-04-13
1095,Keya Karan,4,Marketing Executive,79946,2017-04-26
1096,Aradhya Barad,1,Data Engineer,82884,2021-08-26
1097,Saira Bose,5,Sales Manager,113954,2024-08-18
1098,Samaira Gokhale,1,Data Engineer,104497,2018-05-29
1099,Samaira Swaminathan,6,Operations Manager,71197,2023-05-14
1100,Renee Badami,4,Marketing Executive,67791,2019-04-16
1101,Samar Sarna,3,Analyst,97044,2016-04-21
1102,Tiya Thakkar,4,Marketing Executive,100532,2018-05-22
1103,Shray Sengupta,3,Finance Manager,111047,2017-10-28
1104,Miraan Choudhury,6,Operations Manager,47392,2024-06-30
1105,Saksham Char,5,Sales Manager,99992,2016-10-19
1106,Biju Agate,6,Operations Executive,65779,2019-12-10
1107,Rati Sachdeva,6,Operations Manager,81692,2021-11-18
1108,Dharmajan Bansal,1,Developer,91972,2022-06-04
1109,Nirvi Keer,6,Operations Manager,101631,2016-04-15
1110,Nitya Ganesan,5,Sales Executive,101518,2021-01-25
1111,Ryan Kar,5,Sales Executive,99632,2017-06-12
1112,Advik Suresh,5,Sales Executive,85650,2024-07-02
1113,Sahil Banik,1,Developer,82934,2023-11-27
1114,Purab Sule,4,Brand Manager,89668,2017-04-14
1115,Gatik Ramachandran,1,Data Engineer,64199,2024-06-17
1116,Raghav Dutt,3,Finance Manager,112636,2017-08-06
1117,Sahil Dasgupta,5,Sales Manager,72592,2020-07-03
1118,Ritvik Vala,4,Brand Manager,96772,2018-09-04
1119,Faiyaz Sem,4,Brand Manager,81635,2021-08-31
1120,Navya Divan,6,Operations Manager,94176,2025-06-03
1121,Advik Amble,3,Accountant,73476,2019-12-28
1122,Yasmin Keer,1,System Analyst,93513,2016-03-11
1123,Anay Swamy,6,Operations Executive,115140,2018-03-31
1124,Anaya Chacko,4,Marketing Executive,61651,2019-10-12
1125,Pihu Sandhu,6,Operations Executive,101355,2024-12-31
1126,Hrishita Kapur,6,Operations Executive,65593,2021-08-13
1127,Ryan Hari,4,Marketing Executive,115416,2022-05-23
1128,Shamik Sharma,6,Operations Manager,96111,2022-08-20
1129,Ehsaan Date,2,HR Manager,32598,2017-05-08
1130,Baiju Sule,1,System Analyst,60713,2023-06-15
1131,Manikya Wason,1,Developer,50421,2018-02-16
1132,Faiyaz Hegde,4,Marketing Executive,63451,2021-12-28
1133,Umang Sachdeva,2,HR Manager,51516,2023-04-06
1134,Kavya Sanghvi,6,Operations Executive,48522,2021-11-19
1135,Renee Bala,2,HR Manager,89765,2020-05-30
1136,Dharmajan Sahota,3,Analyst,31199,2015-11-25
1137,Indrajit Chowdhury,4,Marketing Executive,88047,2018-04-18
1138,Tanya Balay,2,HR Manager,65611,2021-02-17
1139,Mehul Thakkar,2,HR Manager,93848,2021-08-22
1140,Trisha Wali,6,Operations Manager,36107,2017-11-08
1141,Miraan Dar,2,HR Manager,110300,2016-06-29
1142,Lagan Agate,6,Operations Manager,48304,2018-09-14
1143,Misha Varty,1,Developer,33779,2023-04-15
1144,Emir Majumdar,4,Brand Manager,36395,2022-06-13
1145,Aarav Gala,4,Brand Manager,114382,2023-12-28
1146,Shalv Bobal,5,Sales Manager,97869,2019-04-04
1147,Piya Chana,4,Brand Manager,87069,2022-08-30
1148,Mishti Dhawan,2,HR Manager,71453,2024-07-04
1149,Oorja Walla,5,Sales Manager,41213,2018-12-06
1150,Anahita Rastogi,5,Sales Manager,59118,2019-09-14
1151,Manjari Sanghvi,6,Operations Executive,114966,2021-04-27
1152,Kismat Sane,4,Marketing Executive,106717,2022-09-30
1153,Hansh Vig,4,Marketing Executive,109994,2018-08-04
1154,Amira Brahmbhatt,5,Sales Executive,105296,2019-01-15
1155,Anika Hora,6,Operations Manager,30109,2017-06-19
1156,Zaina Gera,5,Sales Executive,113739,2016-05-20
1157,Samarth Dua,5,Sales Manager,71322,2016-12-07
1158,Indrans Dugal,4,Brand Manager,78475,2021-05-23
1159,Devansh Acharya,3,Accountant,76039,2025-04-28
1160,Hazel Banerjee,3,Analyst,35354,2018-11-29
1161,Aarav Sekhon,2,HR Manager,105454,2019-11-22
1162,Shamik Wagle,6,Operations Executive,106131,2025-04-09
1163,Ritvik Dube,1,Data Engineer,83563,2024-12-15
1164,Prisha Batta,3,Finance Manager,49044,2019-11-13
1165,Rati Yogi,1,Data Engineer,36838,2018-10-30
1166,Lavanya Dhingra,3,Analyst,32944,2019-11-17
1167,Vidur Khalsa,3,Analyst,65292,2021-09-16
1168,Miraya Kar,4,Brand Manager,85763,2018-03-05
1169,Nitya Tailor,1,Data Engineer,112696,2019-05-02
1170,Keya Gaba,2,HR Executive,67692,2018-07-30
1171,Aarav Bassi,4,Brand Manager,54301,2016-08-02
1172,Bhamini Viswanathan,3,Finance Manager,60059,2015-10-19
1173,Shanaya Cherian,3,Analyst,80739,2020-03-23
1174,Kabir Wali,5,Sales Executive,102919,2016-08-06
1175,Madhup Thaker,5,Sales Manager,119849,2019-10-20
1176,Hansh Dash,5,Sales Executive,69259,2024-04-17
1177,Dharmajan Kade,4,Marketing Executive,105721,2016-08-10
1178,Yuvaan Maharaj,2,HR Manager,71371,2022-08-24
1179,Alia Baria,4,Brand Manager,102890,2024-06-27
1180,Farhan Thakur,5,Sales Manager,101836,2022-01-19
1181,Arhaan Gupta,2,HR Executive,76614,2018-05-04
1182,Damini Bhalla,3,Finance Manager,82826,2019-05-01
1183,Taran Tandon,6,Operations Executive,38678,2023-05-11
1184,Taimur Kibe,3,Analyst,38340,2022-11-01
1185,Pari Venkatesh,4,Marketing Executive,30885,2021-08-16
1186,Suhana Bumb,4,Marketing Executive,31320,2025-06-02
1187,Dharmajan Badal,6,Operations Executive,38188,2025-06-22
1188,Nehmat Ratta,3,Analyst,111366,2020-06-17
1189,Piya Ravi,4,Brand Manager,110951,2021-08-03
1190,Aaryahi Devi,6,Operations Executive,46037,2018-08-30
1191,Vedika Shanker,3,Accountant,88919,2017-11-24
1192,Kimaya Bawa,1,Data Engineer,81201,2019-01-30
1193,Ojas Ganguly,2,HR Executive,115184,2025-09-06
1194,Akarsh Chacko,3,Finance Manager,93698,2023-02-06
1195,Sana Hora,2,HR Executive,115770,2018-10-24
1196,Shaan Jhaveri,2,HR Executive,101960,2025-07-26
1197,Vivaan Wali,6,Operations Manager,93815,2018-11-03
1198,Zain Char,3,Accountant,60047,2022-02-07
1199,Reyansh Bhandari,5,Sales Executive,98955,2024-11-02
1200,Farhan Manda,2,HR Executive,50321,2017-12-09
1201,Zoya Tella,2,HR Executive,40622,2023-06-04
1202,Ryan Cherian,2,HR Executive,34967,2019-04-25
1203,Trisha Solanki,1,System Analyst,85444,2021-09-07
1204,Yakshit Savant,6,Operations Manager,81476,2017-05-06
1205,Aaryahi Hari,2,HR Manager,109014,2025-07-10
1206,Drishya Ramachandran,3,Analyst,100328,2023-11-26
1207,Ehsaan Sawhney,4,Brand Manager,104074,2024-06-03
1208,Saksham Kade,1,System Analyst,55747,2015-12-04
1209,Keya Shanker,2,HR Executive,105867,2025-04-18
1210,Shray Halder,2,HR Executive,86923,2022-07-29
1211,Pari Date,4,Marketing Executive,68481,2018-11-12
1212,Devansh Wali,1,System Analyst,36935,2022-07-21
1213,Navya Dada,2,HR Executive,76853,2016-09-27
1214,Zaina Saxena,3,Finance Manager,103538,2023-06-04
1215,Amira Atwal,3,Accountant,55418,2024-09-07
1216,Pihu Ramakrishnan,6,Operations Manager,72282,2021-05-24
1217,Arhaan Mandal,1,System Analyst,100752,2021-06-22
1218,Emir Bala,4,Brand Manager,107194,2015-10-11
1219,Pranay Rattan,6,Operations Executive,55310,2024-10-23
1220,Aradhya Wadhwa,3,Analyst,105667,2022-10-05
1221,Saira Chaudhari,1,Developer,110264,2018-11-05
1222,Ranbir Banerjee,6,Operations Manager,92220,2016-09-13
1223,Tushar Samra,1,Developer,111372,2024-01-07
1224,Zeeshan Vohra,3,Finance Manager,35543,2017-06-21
1225,Shray Lall,2,HR Executive,112442,2025-04-06
1226,Farhan Sood,5,Sales Executive,46435,2024-10-18
1227,Shayak Walia,3,Accountant,49338,2018-07-18
1228,Pihu Sangha,1,Data Engineer,82500,2021-04-21
1229,Vihaan Gade,3,Finance Manager,48707,2019-05-03
1230,Rania Ahluwalia,1,Data Engineer,87696,2023-02-28
1231,Ishaan Issac,6,Operations Executive,64011,2017-06-25
1232,Ritvik Raval,2,HR Manager,104216,2025-07-17
1233,Dharmajan Reddy,1,Data Engineer,62280,2021-01-21
1234,Faiyaz Raj,2,HR Manager,81608,2025-03-14
1235,Renee Buch,3,Analyst,104778,2022-03-03
1236,Zeeshan Tailor,3,Analyst,85848,2022-07-18
1237,Rasha Sura,2,HR Manager,84275,2023-08-30
1238,Indranil Dora,4,Marketing Executive,50814,2024-09-07
1239,Aaina Bumb,4,Brand Manager,33906,2018-12-02
1240,Ivan Mannan,1,System Analyst,64252,2025-06-24
1241,Fateh Ranganathan,5,Sales Manager,97792,2022-01-30
1242,Anahi Shanker,2,HR Manager,86558,2023-12-11
1243,Kavya Wable,1,Data Engineer,69583,2022-05-30
1244,Rhea Wadhwa,1,Developer,53560,2016-06-25
1245,Aradhya Thaman,2,HR Executive,93815,2020-01-09
1246,Krish Sahni,3,Finance Manager,98179,2016-06-20
1247,Rohan Dhar,4,Marketing Executive,104626,2023-03-01
1248,Manjari Warrior,3,Analyst,60443,2024-06-21
1249,Drishya Hayre,6,Operations Executive,105725,2024-02-05
1250,Aarush Dutta,5,Sales Executive,83135,2017-01-07
1251,Sumer Iyengar,1,System Analyst,100595,2021-06-20
1252,Kaira Subramaniam,3,Finance Manager,83480,2019-05-12
1253,Riaan Khosla,3,Finance Manager,97335,2022-04-14
1254,Indrans Dada,4,Brand Manager,94113,2023-06-13
1255,Mishti Dube,1,System Analyst,57105,2021-07-10
1256,Reyansh Krishnan,1,Data Engineer,108536,2024-05-02
1257,Neysa Sachdeva,4,Brand Manager,113308,2022-05-20
1258,Rania Dhar,3,Analyst,45221,2019-05-05
1259,Miraan Ghosh,4,Marketing Executive,114864,2018-10-19
1260,Manjari Thaker,2,HR Executive,83153,2025-09-23
1261,Aaina Chada,4,Brand Manager,61341,2023-08-19
1262,Faiyaz Anand,2,HR Executive,109751,2018-09-29
1263,Shlok Atwal,3,Finance Manager,55181,2019-12-06
1264,Bhamini Gokhale,1,Data Engineer,77652,2022-09-28
1265,Hansh Sane,3,Analyst,107620,2023-08-28
1266,Divij Handa,2,HR Executive,89646,2017-05-07
1267,Purab Dhingra,4,Marketing Executive,88640,2016-05-05
1268,Ivana Solanki,2,HR Executive,65028,2024-12-22
1269,Bhamini Khosla,6,Operations Executive,59658,2022-05-02
1270,Ojas Varma,6,Operations Manager,36715,2018-11-30
1271,Neysa Chaudhuri,1,Data Engineer,72126,2017-09-28
1272,Kashvi Gade,2,HR Manager,50763,2022-02-26
1273,Farhan Korpal,3,Analyst,72358,2025-07-01
1274,Purab Bobal,5,Sales Manager,46971,2022-02-25
1275,Jhanvi Karpe,6,Operations Manager,66197,2020-01-21
1276,Ehsaan Kapadia,3,Finance Manager,109853,2025-05-16
1277,Ritvik Tank,2,HR Executive,109860,2022-01-11
1278,Divyansh Thaker,5,Sales Executive,102321,2020-11-23
1279,Purab Shanker,2,HR Manager,114419,2023-05-10
1280,Tushar Varughese,5,Sales Manager,84828,2019-07-15
1281,Parinaaz Badal,1,Developer,30262,2023-05-19
1282,Rohan Bala,2,HR Executive,114342,2022-08-02
1283,Indrajit Kala,2,HR Executive,88510,2025-08-15
1284,Kiaan Dar,6,Operations Manager,90608,2023-10-29
1285,Advika Gill,1,Developer,32373,2017-11-24
1286,Renee Chada,5,Sales Executive,104053,2018-04-02
1287,Kismat Agrawal,1,Developer,41699,2016-02-24
1288,Advika Luthra,4,Brand Manager,57059,2017-02-26
1289,Anahi Sunder,6,Operations Executive,73880,2024-07-20
1290,Vidur Acharya,4,Marketing Executive,33564,2017-10-14
1291,Ivan Brahmbhatt,1,Data Engineer,50946,2016-10-02
1292,Vanya Dubey,6,Operations Manager,69661,2019-01-29
1293,Indranil Comar,2,HR Executive,97843,2016-08-22
1294,Aarav Varkey,6,Operations Executive,108891,2016-07-03
1295,Kiara Sahota,5,Sales Manager,92509,2017-01-27
1296,Elakshi Ramachandran,3,Analyst,44389,2023-04-21
1297,Rania D’Alia,6,Operations Manager,117681,2023-03-26
1298,Prisha Ahuja,5,Sales Executive,35167,2018-06-06
1299,Nishith Hegde,1,Developer,97111,2019-11-13
1300,Rania Bose,6,Operations Manager,111189,2021-01-08
1301,Neelofar Sekhon,1,System Analyst,78565,2019-10-07
1302,Inaaya  Mahal,5,Sales Manager,52791,2016-10-30
1303,Neysa Krishnamurthy,3,Finance Manager,64166,2022-05-15
1304,Tejas Deol,3,Accountant,45853,2021-03-23
1305,Shamik Sodhi,2,HR Executive,37814,2024-04-08
1306,Ranbir Bains,2,HR Manager,107101,2018-03-03
1307,Nakul Sanghvi,1,System Analyst,42630,2021-10-03
1308,Zara Bansal,6,Operations Executive,101495,2025-01-06
1309,Fateh Sheth,3,Finance Manager,108890,2017-05-20
1310,Samaira Sangha,4,Brand Manager,112439,2017-01-13
1311,Tiya Comar,1,Developer,56643,2015-11-24
1312,Uthkarsh Bobal,2,HR Manager,119188,2022-09-13
1313,Anahita Brar,1,Developer,105840,2020-03-26
1314,Tara Bhardwaj,1,Data Engineer,88299,2021-08-27
1315,Fateh Boase,1,System Analyst,42181,2020-04-22
1316,Sumer Bakshi,4,Marketing Executive,92235,2016-01-30
1317,Hazel Sankar,5,Sales Executive,79689,2019-01-18
1318,Aarav Venkataraman,3,Accountant,95842,2025-08-03
1319,Kashvi Halder,2,HR Manager,30725,2018-09-15
1320,Ivan Chander,4,Brand Manager,96486,2017-10-18
1321,Dharmajan Chana,1,Developer,62802,2025-02-03
1322,Tejas Savant,6,Operations Executive,84776,2022-07-27
1323,Tanya Lal,1,System Analyst,100718,2016-10-26
1324,Shayak Tripathi,4,Brand Manager,68730,2017-05-17
1325,Neelofar Mani,4,Brand Manager,55341,2018-10-24
1326,Vardaniya Zacharia,1,System Analyst,99253,2025-07-04
1327,Tejas D’Alia,6,Operations Manager,30795,2022-09-26
1328,Mahika Vasa,3,Analyst,36486,2021-06-29
1329,Hansh Rao,5,Sales Executive,46452,2017-08-29
1330,Nishith Ramakrishnan,5,Sales Executive,65235,2022-06-08
1331,Diya Sanghvi,4,Brand Manager,109401,2021-07-24
1332,Saanvi Sabharwal,5,Sales Executive,74656,2019-04-04
1333,Adah Roy,4,Marketing Executive,73940,2018-08-25
1334,Shanaya Garde,6,Operations Executive,87853,2016-10-27
1335,Divij Ravi,5,Sales Executive,62926,2018-07-21
1336,Jayant Gour,5,Sales Manager,59568,2025-09-08
1337,Shanaya Deo,5,Sales Executive,72662,2022-02-20
1338,Zara D’Alia,5,Sales Executive,86488,2017-07-15
1339,Renee Aggarwal,4,Brand Manager,75663,2021-06-10
1340,Pari Dalal,5,Sales Executive,113809,2024-11-15
1341,Jhanvi Malhotra,5,Sales Executive,102196,2022-03-09
1342,Raunak Mangal,4,Brand Manager,44992,2017-10-12
1343,Zoya Vyas,3,Analyst,85862,2018-01-18
1344,Mannat Rana,2,HR Executive,60918,2019-07-17
1345,Veer Dutta,1,System Analyst,111492,2023-06-16
1346,Kiara Chadha,5,Sales Manager,82428,2018-10-25
1347,Suhana Desai,4,Brand Manager,115234,2022-08-07
1348,Reyansh Comar,1,Developer,38885,2025-07-11
1349,Lavanya Malhotra,1,System Analyst,46515,2017-06-30
1350,Divyansh Balakrishnan,2,HR Executive,95957,2021-06-16
1351,Hansh Karan,6,Operations Manager,56666,2023-04-28
1352,Vivaan Agarwal,5,Sales Executive,46255,2016-08-09
1353,Diya Amble,5,Sales Executive,113075,2015-09-28
1354,Anahi Bala,2,HR Manager,111365,2025-07-30
1355,Veer Grover,5,Sales Manager,85363,2022-01-21
1356,Alisha Singh,2,HR Executive,92982,2020-10-23
1357,Fateh Sachdev,3,Finance Manager,114170,2021-07-04
1358,Shanaya Shah,6,Operations Executive,40411,2016-10-30
1359,Aarush Gupta,1,System Analyst,116865,2016-10-10
1360,Kartik Bhatnagar,1,System Analyst,103781,2024-11-24
1361,Vaibhav Singhal,3,Analyst,82373,2016-11-30
1362,Gatik Bhandari,2,HR Manager,64400,2021-06-06
1363,Ivan Gour,1,System Analyst,115138,2023-08-23
1364,Sumer Lata,5,Sales Executive,35086,2024-09-12
1365,Sara Trivedi,4,Brand Manager,40340,2022-07-17
1366,Riaan Lall,3,Accountant,99659,2018-05-31
1367,Nitara Venkataraman,3,Analyst,87045,2016-11-08
1368,Dhruv Dewan,2,HR Manager,86160,2023-08-27
1369,Darshit Singh,5,Sales Executive,92240,2019-10-22
1370,Rasha Swamy,2,HR Executive,69320,2024-07-27
1371,Ivan Sarkar,3,Finance Manager,75002,2024-08-31
1372,Mannat Keer,2,HR Manager,72630,2016-04-16
1373,Uthkarsh Devan,2,HR Executive,95772,2016-05-13
1374,Indrajit Bhattacharyya,1,Developer,57409,2018-08-14
1375,Taran Mall,1,Data Engineer,81684,2021-03-08
1376,Ehsaan Baral,1,System Analyst,99923,2020-06-05
1377,Krish Shukla,6,Operations Executive,115174,2016-02-16
1378,Taimur Apte,1,Developer,104829,2016-09-15
1379,Emir Barad,3,Analyst,75986,2025-06-08
1380,Zeeshan Thakur,5,Sales Manager,87849,2019-04-16
1381,Ritvik Lala,3,Analyst,107094,2019-12-29
1382,Shanaya Sridhar,6,Operations Executive,114679,2021-06-17
1383,Gokul Bath,2,HR Manager,109589,2022-12-31
1384,Aradhya Ganguly,6,Operations Executive,45209,2021-01-16
1385,Inaaya  Vohra,2,HR Executive,86548,2020-08-02
1386,Riya Hora,4,Marketing Executive,36302,2022-05-17
1387,Siya Bhagat,3,Analyst,69097,2018-06-05
1388,Vanya Ghose,5,Sales Executive,87720,2018-03-08
1389,Nishith Brar,4,Marketing Executive,116761,2024-10-05
1390,Reyansh Deol,3,Finance Manager,52472,2018-08-14
1391,Abram Hari,5,Sales Manager,63313,2023-01-29
1392,Darshit Jayaraman,4,Brand Manager,119007,2025-09-04
1393,Krish Arya,2,HR Executive,68666,2022-12-19
1394,Piya Mandal,3,Accountant,43401,2024-10-25
1395,Gatik Bath,6,Operations Manager,75224,2018-05-12
1396,Devansh Chakrabarti,3,Accountant,113824,2019-06-29
1397,Ranbir Viswanathan,1,System Analyst,88215,2018-09-20
1398,Kavya Chaudhuri,3,Finance Manager,69913,2019-08-20
1399,Aarna Chanda,6,Operations Manager,108122,2023-06-11
1400,Shlok Koshy,6,Operations Manager,107458,2021-05-28
1401,Ojas Ganesan,6,Operations Executive,59878,2018-02-25
1402,Rati Khare,6,Operations Executive,53289,2023-08-10
1403,Alia Chahal,2,HR Executive,33296,2016-11-24
1404,Mannat Amble,5,Sales Executive,69609,2025-02-19
1405,Badal Kurian,3,Analyst,79957,2021-09-11
1406,Jayan Khalsa,5,Sales Executive,119034,2019-06-18
1407,Aarav Bajaj,1,System Analyst,74910,2018-10-04
1408,Trisha Bhagat,1,Data Engineer,99438,2023-12-04
1409,Ishita Savant,2,HR Executive,92592,2022-03-31
1410,Keya Ratta,2,HR Manager,56036,2016-02-28
1411,Onkar Kara,3,Finance Manager,63314,2022-12-27
1412,Rhea Anand,3,Finance Manager,79618,2017-08-31
1413,Bhamini Bhardwaj,1,System Analyst,41360,2021-10-24
1414,Akarsh Bhattacharyya,2,HR Executive,68085,2017-09-26
1415,Shalv Agrawal,6,Operations Manager,31151,2025-02-26
1416,Faiyaz Ghose,4,Marketing Executive,36024,2016-05-05
1417,Biju Sule,4,Marketing Executive,115415,2015-10-23
1418,Chirag Loke,6,Operations Manager,84065,2019-01-29
1419,Faiyaz Barman,1,System Analyst,51119,2020-05-09
1420,Sahil Bajaj,4,Brand Manager,84237,2022-08-29
1421,Jayant Lalla,5,Sales Executive,97741,2016-12-21
1422,Saanvi Vyas,5,Sales Manager,34995,2017-08-28
1423,Shayak Kibe,3,Accountant,86680,2017-10-11
1424,Umang Kota,6,Operations Manager,70333,2025-09-05
1425,Ahana  Gill,1,Developer,54754,2019-05-24
1426,Divyansh Saxena,1,Developer,53954,2022-09-06
1427,Taimur Dara,5,Sales Manager,93966,2023-07-06
1428,Yuvaan Deol,4,Marketing Executive,45051,2017-07-12
1429,Ryan Zacharia,6,Operations Manager,46260,2023-12-06
1430,Inaaya  Atwal,4,Marketing Executive,32402,2019-03-17
1431,Nishith Loyal,3,Accountant,107375,2023-11-13
1432,Diya Kari,1,Data Engineer,41009,2021-06-10
1433,Indrajit Jhaveri,5,Sales Manager,114857,2022-08-27
1434,Renee Bhandari,1,Data Engineer,59659,2022-03-28
1435,Madhav Kanda,4,Brand Manager,31033,2024-12-02
1436,Mehul Maharaj,5,Sales Manager,73024,2024-12-04
1437,Sara Trivedi,6,Operations Manager,69825,2021-03-15
1438,Tarini Swamy,2,HR Manager,65439,2022-01-02
1439,Farhan Dhar,4,Brand Manager,97797,2020-10-13
1440,Sahil Bobal,1,Developer,50826,2024-06-21
1441,Kiara Ray,4,Brand Manager,118451,2015-12-18
1442,Divit Ravel,6,Operations Manager,45402,2020-09-07
1443,Nirvi Chaudry,5,Sales Executive,63152,2018-07-17
1444,Neelofar Yadav,4,Marketing Executive,67926,2018-01-13
1445,Renee Deshpande,3,Accountant,51439,2019-04-28
1446,Damini Wali,3,Accountant,81487,2023-04-25
1447,Tara Bhatti,4,Marketing Executive,65645,2018-07-16
1448,Urvi Divan,4,Brand Manager,59470,2019-09-07
1449,Kaira Doctor,3,Accountant,98661,2018-02-21
1450,Zara Toor,3,Finance Manager,47040,2017-03-26
1451,Badal Shenoy,6,Operations Manager,62679,2021-02-04
1452,Hrishita Sandhu,3,Finance Manager,103846,2017-02-05
1453,Dhruv Dutta,6,Operations Manager,56953,2022-03-25
1454,Vritika Dube,4,Brand Manager,110580,2016-12-19
1455,Samiha Rajan,4,Marketing Executive,72522,2025-02-16
1456,Ryan Choudhury,1,Developer,81359,2020-03-29
1457,Kabir Ratti,1,System Analyst,38494,2025-04-29
1458,Jivika Gour,5,Sales Executive,75304,2018-08-28
1459,Jayesh Chawla,6,Operations Executive,102318,2022-07-04
1460,Gokul Tailor,5,Sales Manager,114992,2020-08-30
1461,Gokul Chaudhary,1,System Analyst,51458,2022-05-27
1462,Lavanya Wable,6,Operations Manager,93917,2020-09-13
1463,Pari Ramanathan,1,System Analyst,73305,2022-03-05
1464,Renee Lad,1,Developer,101645,2021-08-23
1465,Arhaan Agate,2,HR Manager,65361,2025-04-12
1466,Indranil Lal,4,Marketing Executive,56624,2019-11-07
1467,Divit Kant,5,Sales Executive,53749,2022-06-04
1468,Keya Tailor,1,System Analyst,115444,2022-02-08
1469,Misha Chacko,3,Accountant,73220,2016-09-24
1470,Nirvaan Mani,3,Accountant,47557,2018-05-26
1471,Jayan Kothari,4,Marketing Executive,52429,2017-02-17
1472,Reyansh Chacko,1,Data Engineer,64709,2023-06-16
1473,Shanaya Srinivas,4,Brand Manager,77605,2019-02-07
1474,Zoya Gera,6,Operations Executive,63361,2020-08-29
1475,Baiju Manne,3,Accountant,86149,2018-04-04
1476,Anika Yogi,6,Operations Manager,68671,2016-06-03
1477,Miraya Vig,1,Data Engineer,102725,2023-10-07
1478,Urvi Wali,1,System Analyst,74807,2021-04-09
1479,Lakshay Rajan,2,HR Executive,50274,2019-01-17
1480,Samiha Venkatesh,3,Analyst,115649,2023-06-13
1481,Vanya Datta,4,Marketing Executive,64809,2024-04-01
1482,Stuvan Issac,5,Sales Manager,31634,2018-06-23
1483,Kimaya Bajwa,5,Sales Executive,65010,2020-10-31
1484,Arhaan Chaudhari,5,Sales Executive,64572,2021-05-06
1485,Trisha Atwal,6,Operations Manager,106446,2017-03-28
1486,Onkar Ramachandran,2,HR Executive,117705,2015-10-05
1487,Anaya Karpe,3,Finance Manager,67492,2017-03-14
1488,Dharmajan Toor,6,Operations Manager,45329,2025-03-23
1489,Mahika Saha,3,Finance Manager,87914,2022-06-19
1490,Indrajit Swaminathan,1,Data Engineer,100724,2025-07-31
1491,Azad Shere,1,Data Engineer,54707,2018-04-05
1492,Abram Borah,3,Accountant,37221,2024-04-11
1493,Ela Magar,5,Sales Executive,92932,2020-10-13
1494,Rati Bala,2,HR Manager,67274,2018-03-11
1495,Aniruddh Kaur,6,Operations Executive,59839,2025-09-13
1496,Nitya Sethi,3,Accountant,47962,2017-05-26
1497,Adah Wali,2,HR Executive,35526,2020-12-29
1498,Nirvaan Khanna,3,Finance Manager,55133,2019-05-24
1499,Hunar Edwin,1,Developer,103252,2024-03-09
1500,Damini Deep,1,Data Engineer,79920,2016-08-12
1501,Darshit Chanda,2,HR Executive,74742,2019-08-10
1502,Navya Sule,6,Operations Manager,105170,2024-08-05
1503,Alisha Dugar,4,Marketing Executive,73406,2023-12-25
1504,Zeeshan Loyal,3,Analyst,115036,2022-04-06
1505,Indrajit Sanghvi,3,Analyst,91906,2024-01-16
1506,Samarth Rana,3,Finance Manager,49671,2017-12-23
1507,Miraya Ratta,6,Operations Executive,94200,2022-04-10
1508,Sumer Ratti,5,Sales Manager,96487,2025-08-09
1509,Hridaan Bali,6,Operations Manager,83749,2016-06-18
1510,Inaaya  Tandon,1,Data Engineer,71809,2017-01-23
1511,Ehsaan Toor,2,HR Manager,38901,2017-06-12
1512,Anvi Dhar,2,HR Executive,36163,2017-08-19
1513,Parinaaz Chacko,3,Accountant,116960,2025-02-06
1514,Amira Varkey,3,Analyst,64602,2019-12-24
1515,Mehul Walia,3,Finance Manager,88953,2020-11-08
1516,Chirag Bassi,6,Operations Manager,108875,2017-07-15
1517,Lakshay Hans,2,HR Manager,55783,2020-03-28
1518,Samar Mahajan,1,System Analyst,38994,2018-06-11
1519,Indrans Subramanian,3,Finance Manager,44253,2024-05-15
1520,Abram Bala,3,Finance Manager,98808,2022-04-25
1521,Urvi Krish,5,Sales Executive,65251,2018-11-04
1522,Indrajit Acharya,3,Analyst,72205,2022-01-02
1523,Keya Jain,1,Data Engineer,109101,2024-08-21
1524,Ranbir Din,2,HR Executive,79009,2018-07-18
1525,Ivana Swamy,6,Operations Executive,86759,2020-08-17
1526,Sara Ramanathan,3,Finance Manager,97296,2020-04-17
1527,Saira Vig,6,Operations Executive,102702,2017-11-01
1528,Zara Mallick,3,Accountant,89808,2021-10-25
1529,Madhup Saxena,1,Developer,63416,2022-09-25
1530,Rhea Dhillon,1,Data Engineer,88673,2025-03-27
1531,Vardaniya Roy,1,System Analyst,67973,2016-07-05
1532,Miraan Ratti,2,HR Executive,97213,2024-01-20
1533,Prisha Sengupta,5,Sales Manager,64702,2016-10-08
1534,Khushi Bora,2,HR Manager,86239,2020-07-26
1535,Lagan Khosla,1,Developer,45420,2020-02-24
1536,Ishaan Bala,2,HR Manager,53094,2018-04-04
1537,Jivika Lalla,5,Sales Executive,73440,2019-08-10
1538,Veer Dewan,1,System Analyst,84834,2017-01-24
1539,Vardaniya Tank,5,Sales Executive,45284,2016-12-05
1540,Shlok Mandal,6,Operations Manager,89712,2016-01-26
1541,Vanya Shukla,3,Finance Manager,86034,2020-09-14
1542,Hrishita Choudhry,6,Operations Executive,44547,2025-05-25
1543,Samar Dash,6,Operations Manager,101845,2021-07-07
1544,Ela Sheth,2,HR Manager,36712,2019-04-28
1545,Anya Garde,1,System Analyst,110627,2024-01-17
1546,Anahita Kamdar,3,Finance Manager,85285,2020-09-03
1547,Anvi Barad,2,HR Manager,100069,2019-06-05
1548,Jhanvi Chand,3,Accountant,51852,2019-02-09
1549,Krish Bawa,1,Data Engineer,113181,2022-09-15
1550,Miraya Jain,5,Sales Manager,45371,2016-12-14
1551,Raunak Kale,2,HR Manager,96689,2024-09-22
1552,Aaryahi Sankar,6,Operations Manager,119564,2018-11-07
1553,Hunar Doctor,1,Data Engineer,105590,2021-10-20
1554,Eva Bawa,4,Brand Manager,104421,2017-10-09
1555,Shaan Kumer,5,Sales Executive,37275,2020-07-16
1556,Taimur Bawa,1,System Analyst,100841,2021-02-28
1557,Vritika Warrior,1,Developer,41409,2016-04-25
1558,Eva Master,5,Sales Manager,35251,2019-01-23
1559,Ranbir Sachdeva,3,Accountant,33836,2021-11-28
1560,Bhavin Divan,1,Data Engineer,76296,2022-07-05
1561,Jayant Sodhi,3,Analyst,106020,2025-01-14
1562,Baiju Rajagopal,4,Brand Manager,64183,2016-02-22
1563,Veer Vyas,5,Sales Manager,72430,2018-06-04
1564,Tushar Varkey,4,Marketing Executive,62972,2023-07-11
1565,Ivan Hayer,6,Operations Executive,37252,2019-03-17
1566,Yuvraj  Saraf,5,Sales Executive,33639,2018-07-09
1567,Lakshit Bali,1,System Analyst,119215,2020-04-16
1568,Miraya Dua,2,HR Executive,68687,2023-07-30
1569,Bhavin Venkataraman,6,Operations Manager,51541,2022-04-03
1570,Shamik Ahluwalia,2,HR Manager,47015,2021-06-01
1571,Indranil Gole,5,Sales Executive,31669,2021-04-24
1572,Arhaan Rau,2,HR Executive,62090,2025-08-06
1573,Nehmat Gaba,3,Accountant,88222,2023-04-17
1574,Yuvraj  Iyer,2,HR Manager,119202,2020-11-30
1575,Charvi Gour,4,Marketing Executive,40694,2018-06-28
1576,Anvi Sandhu,1,Developer,40050,2018-10-24
1577,Himmat Basu,6,Operations Manager,35292,2022-06-25
1578,Vihaan Mani,6,Operations Manager,108210,2017-10-05
1579,Reyansh Bose,2,HR Manager,116649,2016-01-08
1580,Farhan Ray,6,Operations Executive,44075,2018-07-28
1581,Lavanya Cherian,3,Accountant,62476,2025-02-18
1582,Lavanya Rau,5,Sales Manager,59606,2025-01-18
1583,Advik Toor,6,Operations Manager,111668,2015-11-14
1584,Rasha Desai,4,Brand Manager,77010,2020-03-28
1585,Faiyaz Thaker,1,System Analyst,102338,2016-08-28
1586,Baiju Sarin,5,Sales Manager,113678,2023-06-21
1587,Aradhya Warrior,5,Sales Executive,101049,2016-12-26
1588,Advik Raval,2,HR Manager,73966,2023-06-28
1589,Lakshit Dutt,6,Operations Executive,91359,2022-06-09
1590,Shayak Sengupta,6,Operations Executive,117932,2024-09-06
1591,Kavya Sangha,1,System Analyst,70156,2024-06-26
1592,Aarav Verma,1,Developer,87601,2021-11-03
1593,Ritvik Zachariah,6,Operations Executive,33045,2024-01-19
1594,Aaina Bava,1,Developer,64618,2019-07-10
1595,Ira Anne,3,Finance Manager,81580,2015-11-22
1596,Anvi Sridhar,6,Operations Executive,36326,2023-12-19
1597,Yasmin Sarma,1,Data Engineer,107197,2022-07-31
1598,Yuvaan Chand,1,Developer,111968,2025-08-19
1599,Rati Varghese,5,Sales Executive,92236,2018-11-08
1600,Aaryahi Bhatnagar,2,HR Manager,78794,2023-08-27
1601,Ela Bajwa,4,Brand Manager,90886,2020-01-06
1602,Romil Bahri,4,Brand Manager,50641,2024-06-23
1603,Advika Srinivas,6,Operations Manager,102407,2020-04-06
1604,Shayak Reddy,5,Sales Executive,106870,2020-09-22
1605,Tejas Tella,1,System Analyst,42788,2021-08-13
1606,Samarth Dhar,6,Operations Manager,52906,2024-05-17
1607,Ritvik Kaul,4,Brand Manager,111944,2017-04-25
1608,Piya Johal,2,HR Executive,58315,2016-10-19
1609,Stuvan Buch,2,HR Manager,83015,2019-11-29
1610,Kanav Rajagopalan,2,HR Manager,60000,2021-10-11
1611,Prerak Bhavsar,5,Sales Executive,108278,2023-01-01
1612,Kismat Rout,2,HR Executive,76989,2024-12-08
1613,Kismat Keer,3,Analyst,113452,2017-09-13
1614,Purab Karan,5,Sales Manager,75782,2019-05-04
1615,Pranay Bal,1,Data Engineer,79660,2016-02-10
1616,Miraan Malhotra,6,Operations Executive,54812,2018-10-17
1617,Ritvik Chad,4,Marketing Executive,40477,2017-12-07
1618,Ishita Tiwari,1,System Analyst,65667,2019-08-20
1619,Kavya Char,6,Operations Manager,44870,2025-07-04
1620,Indrans Kade,2,HR Executive,60704,2023-01-05
1621,Indrajit Jha,2,HR Manager,86401,2018-01-23
1622,Taran Kamdar,2,HR Executive,40450,2024-07-18
1623,Samaira Kashyap,5,Sales Manager,65528,2025-01-25
1624,Kashvi Doctor,6,Operations Executive,77290,2020-03-27
1625,Ira Magar,4,Brand Manager,97464,2025-03-05
1626,Kashvi Yadav,1,Data Engineer,101915,2021-08-28
1627,Gatik Chawla,4,Brand Manager,79024,2020-04-20
1628,Adah Bhatti,4,Marketing Executive,46935,2022-05-31
1629,Jhanvi Khosla,4,Brand Manager,59708,2025-03-13
1630,Mannat Keer,6,Operations Manager,89293,2016-08-15
1631,Shray Sani,1,Developer,101966,2019-02-25
1632,Zain Varkey,1,Data Engineer,83347,2020-02-14
1633,Emir Sharaf,2,HR Manager,40561,2020-03-23
1634,Prisha Kapur,1,System Analyst,48154,2016-01-24
1635,Ehsaan Kulkarni,6,Operations Executive,107598,2018-11-08
1636,Nitya Solanki,5,Sales Executive,57261,2019-03-09
1637,Aniruddh Bandi,1,Developer,83949,2020-10-20
1638,Ojas Buch,1,System Analyst,107096,2025-03-18
1639,Nitya Sastry,4,Brand Manager,85374,2024-03-02
1640,Samarth Sehgal,5,Sales Executive,35896,2022-12-16
1641,Abram Bali,4,Brand Manager,59476,2024-09-06
1642,Aniruddh Manne,2,HR Manager,45774,2021-09-11
1643,Arnav Seth,5,Sales Executive,94015,2020-02-14
1644,Shray Setty,3,Analyst,118113,2021-06-12
1645,Yuvraj  Lal,3,Finance Manager,93703,2022-08-16
1646,Tejas Badal,1,System Analyst,60459,2024-07-20
1647,Kiara Sankar,5,Sales Manager,119918,2016-11-19
1648,Charvi Sagar,6,Operations Executive,62857,2018-02-28
1649,Dhanush Rau,6,Operations Executive,74178,2025-02-05
1650,Lakshit Ramaswamy,4,Brand Manager,82220,2016-11-08
1651,Badal Dhawan,6,Operations Manager,67482,2025-07-07
1652,Alisha Arora,6,Operations Manager,84278,2025-02-09
1653,Emir Banik,4,Brand Manager,45606,2016-12-31
1654,Vritika Issac,2,HR Executive,106326,2022-12-25
1655,Anvi Chad,6,Operations Executive,50503,2017-06-18
1656,Divij Barman,2,HR Executive,33115,2024-07-07
1657,Myra Saran,6,Operations Manager,74340,2024-11-02
1658,Samar Aggarwal,6,Operations Executive,60099,2019-10-15
1659,Samar Balan,3,Accountant,84418,2019-04-23
1660,Zoya Grover,2,HR Executive,31714,2019-06-19
1661,Dhanush Biswas,2,HR Manager,73911,2022-04-12
1662,Kabir Kulkarni,6,Operations Executive,75145,2021-07-17
1663,Mamooty Sawhney,6,Operations Manager,32959,2023-02-27
1664,Madhup Rattan,4,Brand Manager,75585,2018-04-05
1665,Lakshit Zachariah,2,HR Manager,32573,2024-08-19
1666,Amani Date,3,Finance Manager,62599,2022-07-20
1667,Parinaaz Ramanathan,2,HR Manager,81853,2021-07-28
1668,Neysa Kumar,2,HR Executive,117102,2016-04-14
1669,Shalv Dalal,1,System Analyst,54311,2019-11-09
1670,Rasha Sabharwal,5,Sales Manager,45938,2023-01-01
1671,Sana Sani,1,System Analyst,90918,2025-05-01
1672,Priyansh Talwar,1,System Analyst,60143,2024-03-19
1673,Indrans Halder,3,Finance Manager,36669,2021-06-22
1674,Purab Kohli,3,Finance Manager,94673,2017-12-06
1675,Bhavin Krishna,2,HR Manager,42563,2016-09-23
1676,Tushar Saha,6,Operations Executive,90567,2017-09-04
1677,Shray Joshi,1,Developer,37240,2018-04-11
1678,Urvi Savant,5,Sales Manager,72138,2018-01-14
1679,Vaibhav Kothari,4,Marketing Executive,51279,2020-11-10
1680,Hridaan Ben,3,Accountant,85623,2016-08-24
1681,Saira Wali,2,HR Manager,99349,2022-10-20
1682,Aaina Majumdar,6,Operations Executive,82715,2016-09-07
1683,Alisha Ratti,1,Developer,69175,2017-01-31
1684,Miraan Chanda,2,HR Executive,45704,2022-08-10
1685,Tiya Batra,1,Data Engineer,81260,2023-03-07
1686,Mamooty Gandhi,4,Brand Manager,63337,2021-11-17
1687,Saanvi Dugar,2,HR Manager,71638,2024-04-06
1688,Anaya Sen,3,Accountant,110824,2025-09-02
1689,Lagan Aurora,5,Sales Executive,61517,2021-09-22
1690,Azad Baria,1,System Analyst,38263,2018-12-10
1691,Tejas Vohra,6,Operations Executive,41899,2018-02-04
1692,Divij Contractor,5,Sales Manager,78722,2021-08-04
1693,Reyansh Bahl,1,System Analyst,107841,2023-03-10
1694,Jayesh Apte,4,Brand Manager,87458,2021-10-27
1695,Nitya Verma,4,Brand Manager,70660,2022-01-25
1696,Trisha Jaggi,4,Brand Manager,62003,2022-09-02
1697,Saira Dube,4,Brand Manager,92297,2019-12-31
1698,Suhana Kaul,2,HR Manager,100825,2017-03-22
1699,Siya Lall,5,Sales Executive,74496,2024-04-23
1700,Bhavin Kothari,5,Sales Executive,53603,2023-12-09
1701,Aaina D’Alia,6,Operations Manager,103516,2024-05-16
1702,Anahi Singh,6,Operations Manager,79463,2016-01-06
1703,Stuvan Tank,3,Accountant,35218,2022-01-18
1704,Riya Sani,2,HR Manager,108228,2024-02-07
1705,Oorja Kunda,5,Sales Manager,117472,2019-06-21
1706,Advik Saxena,5,Sales Executive,83169,2018-03-14
1707,Lakshay Chana,2,HR Executive,119226,2018-07-17
1708,Kiaan Cheema,5,Sales Manager,100376,2017-12-18
1709,Divij Comar,5,Sales Executive,80679,2025-03-21
1710,Kiaan Shroff,5,Sales Executive,93152,2024-12-06
1711,Hansh Mandal,1,Developer,102086,2024-07-16
1712,Ojas Suresh,1,System Analyst,47175,2022-07-06
1713,Aaryahi Deshmukh,2,HR Executive,92445,2023-05-29
1714,Lakshay Borra,5,Sales Executive,78221,2015-10-22
1715,Saanvi Mann,1,Data Engineer,93285,2016-07-29
1716,Aarav Ahuja,4,Brand Manager,59746,2020-04-09
1717,Rohan Chandra,5,Sales Manager,54049,2025-04-13
1718,Aaina Tella,2,HR Manager,50950,2022-06-30
1719,Priyansh Desai,1,Developer,64284,2021-06-06
1720,Armaan Sethi,2,HR Manager,77071,2021-01-06
1721,Renee Tara,2,HR Manager,64567,2017-04-08
1722,Emir Anne,4,Marketing Executive,57973,2017-11-15
1723,Nitya Karpe,2,HR Manager,55466,2021-07-31
1724,Taimur Dyal,4,Brand Manager,48075,2016-02-09
1725,Yasmin Dugar,4,Brand Manager,63160,2023-10-16
1726,Renee Ramesh,4,Marketing Executive,48639,2017-07-16
1727,Shayak Chhabra,4,Brand Manager,43742,2016-03-16
1728,Arhaan Bir,6,Operations Manager,89997,2023-12-16
1729,Urvi Bhandari,4,Brand Manager,72347,2022-05-10
1730,Yuvaan Sarkar,5,Sales Manager,34208,2016-02-08
1731,Tanya Choudhry,1,System Analyst,69323,2020-06-04
1732,Arnav Khosla,3,Analyst,108018,2023-08-14
1733,Anay Lad,3,Analyst,42988,2017-07-15
1734,Hansh Kaur,3,Finance Manager,107775,2023-09-25
1735,Navya Soni,3,Finance Manager,84993,2016-07-21
1736,Ritvik Sampath,1,System Analyst,35281,2023-04-08
1737,Tejas Bava,5,Sales Executive,116345,2023-12-05
1738,Nirvi Chopra,6,Operations Manager,113343,2023-07-23
1739,Manjari Sachar,2,HR Executive,99361,2020-09-17
1740,Tiya Gandhi,1,Developer,104013,2025-08-17
1741,Misha Sathe,5,Sales Manager,48360,2022-02-12
1742,Rohan Srinivas,6,Operations Manager,39913,2021-06-14
1743,Aaina Keer,3,Analyst,40064,2021-12-29
1744,Ira Chahal,3,Finance Manager,104049,2019-07-27
1745,Saksham Sama,3,Accountant,47318,2016-10-15
1746,Arhaan Lala,5,Sales Manager,86138,2022-11-11
1747,Zain Halder,1,System Analyst,62555,2023-01-04
1748,Ela Apte,4,Marketing Executive,35964,2025-03-11
1749,Prisha Dass,5,Sales Manager,49755,2022-02-11
1750,Miraya Buch,1,System Analyst,110463,2021-05-23
1751,Keya Kaur,1,Data Engineer,104967,2025-09-04
1752,Aarna Ratti,3,Accountant,32637,2016-10-20
1753,Nitara Keer,5,Sales Executive,58470,2019-01-28
1754,Shamik Salvi,4,Marketing Executive,94381,2022-01-28
1755,Anahi Brahmbhatt,6,Operations Executive,70119,2021-04-03
1756,Chirag Sachdeva,6,Operations Executive,37216,2021-09-29
1757,Navya Goel,6,Operations Manager,93215,2015-11-03
1758,Damini Varty,2,HR Executive,91860,2019-11-03
1759,Vihaan Maharaj,1,Data Engineer,72455,2018-12-03
1760,Keya Thakkar,6,Operations Executive,79722,2024-05-25
1761,Romil Gara,5,Sales Manager,48868,2017-03-27
1762,Divij Sharaf,2,HR Manager,85512,2018-07-13
1763,Jhanvi Sethi,6,Operations Executive,102202,2018-01-23
1764,Ivan Devi,5,Sales Manager,61849,2022-11-21
1765,Priyansh Sharma,1,Data Engineer,43843,2019-03-23
1766,Indrajit Chauhan,2,HR Manager,48076,2024-09-01
1767,Jayan Ranganathan,3,Accountant,60717,2017-01-14
1768,Aaina Shroff,2,HR Manager,38205,2020-11-24
1769,Inaaya  Chahal,1,System Analyst,118825,2019-04-13
1770,Nishith Mane,3,Analyst,54978,2020-10-09
1771,Indranil Rattan,6,Operations Manager,94416,2020-06-17
1772,Yuvraj  Seshadri,4,Brand Manager,111974,2017-12-14
1773,Prerak Bir,2,HR Manager,98292,2017-11-20
1774,Vedika Biswas,6,Operations Manager,52678,2021-06-17
1775,Arnav Shankar,5,Sales Executive,77906,2022-06-11
1776,Anvi Bhakta,5,Sales Executive,32662,2022-02-25
1777,Arhaan Bahri,1,System Analyst,99038,2025-06-03
1778,Raunak Uppal,3,Finance Manager,37852,2022-04-12
1779,Ira Contractor,6,Operations Executive,83111,2018-09-20
1780,Divyansh Gour,2,HR Executive,100631,2017-11-27
1781,Badal Dhar,1,System Analyst,32655,2021-11-24
1782,Anahi Bahri,5,Sales Executive,86345,2017-11-15
1783,Riaan Bahri,2,HR Manager,68594,2021-09-19
1784,Anvi Mannan,6,Operations Manager,105500,2023-03-13
1785,Anahi Kara,3,Analyst,68932,2018-09-19
1786,Mamooty Tak,1,Developer,113233,2019-06-19
1787,Pihu Bhavsar,4,Marketing Executive,46771,2020-09-08
1788,Zeeshan Kata,6,Operations Manager,58825,2018-06-01
1789,Rohan Aggarwal,1,System Analyst,98613,2018-04-12
1790,Biju Loke,6,Operations Manager,53392,2015-11-13
1791,Shray Master,6,Operations Executive,89600,2016-10-07
1792,Amira Sarma,3,Analyst,54718,2019-04-01
1793,Drishya Tella,6,Operations Executive,92947,2022-07-16
1794,Shlok Sankar,1,Developer,115627,2016-11-08
1795,Krish Chada,6,Operations Executive,99908,2018-03-07
1796,Indrajit Bora,2,HR Executive,100865,2019-04-25
1797,Ayesha Bains,2,HR Manager,113388,2023-04-14
1798,Nakul Butala,1,Data Engineer,70447,2023-07-04
1799,Dhanuk Samra,2,HR Manager,77550,2022-11-21
1800,Zain Borah,3,Analyst,105213,2019-12-16
1801,Nayantara Dass,4,Marketing Executive,102988,2016-05-28
1802,Manjari Sura,3,Analyst,92723,2021-06-27
1803,Anvi Magar,2,HR Executive,105060,2017-04-20
1804,Sahil Keer,2,HR Executive,113496,2024-04-23
1805,Madhup Sagar,4,Brand Manager,80870,2021-05-25
1806,Arhaan Mallick,2,HR Executive,93811,2022-08-23
1807,Mishti Koshy,5,Sales Executive,64291,2020-08-01
1808,Ivana Kunda,4,Brand Manager,80490,2023-06-24
1809,Reyansh Trivedi,5,Sales Executive,53791,2016-11-05
1810,Mohanlal Solanki,3,Accountant,38032,2025-07-23
1811,Nitara Sridhar,3,Analyst,72639,2017-03-10
1812,Samiha Bhat,6,Operations Executive,110934,2021-02-24
1813,Advik Saxena,3,Finance Manager,70236,2015-10-12
1814,Anaya Sidhu,2,HR Manager,48763,2022-09-03
1815,Krish Grewal,3,Analyst,72114,2016-05-04
1816,Farhan Banerjee,4,Marketing Executive,69902,2020-08-07
1817,Purab Dalal,4,Brand Manager,50763,2024-04-06
1818,Alia Kibe,4,Marketing Executive,30252,2017-12-29
1819,Mannat Madan,4,Marketing Executive,61788,2023-11-02
1820,Akarsh Dara,1,System Analyst,96679,2023-05-16
1821,Nitya Goel,1,Developer,113923,2025-07-26
1822,Zaina Gara,1,System Analyst,117553,2022-09-01
1823,Pihu Malhotra,4,Marketing Executive,117945,2019-11-02
1824,Kimaya Bansal,4,Brand Manager,46167,2025-03-18
1825,Ishaan Comar,5,Sales Executive,65999,2018-04-17
1826,Prisha Grover,3,Analyst,41329,2016-07-24
1827,Kimaya Sankar,2,HR Manager,69245,2021-02-03
1828,Elakshi Sinha,4,Marketing Executive,50795,2019-10-05
1829,Romil Shukla,1,Data Engineer,81096,2020-05-24
1830,Keya Sarna,3,Finance Manager,116083,2020-05-19
1831,Chirag Babu,5,Sales Executive,49529,2021-12-01
1832,Indrans Dugal,1,Data Engineer,76746,2021-10-30
1833,Prisha Wali,2,HR Manager,116731,2017-06-28
1834,Aarav Bandi,6,Operations Executive,79171,2019-12-31
1835,Mohanlal Raman,4,Brand Manager,41761,2025-08-20
1836,Riya Tak,5,Sales Executive,98732,2022-09-04
1837,Seher Sheth,1,System Analyst,57372,2019-08-04
1838,Bhamini Majumdar,6,Operations Executive,45822,2021-12-18
1839,Pranay Venkataraman,2,HR Manager,33097,2019-01-17
1840,Mannat Subramanian,4,Marketing Executive,73317,2022-06-14
1841,Miraan Malhotra,3,Finance Manager,96974,2021-11-08
1842,Indrans Magar,6,Operations Executive,64918,2024-11-15
1843,Samarth Kashyap,3,Accountant,102612,2023-11-30
1844,Siya Chand,2,HR Manager,57160,2018-12-21
1845,Ivana Soman,5,Sales Manager,35419,2020-02-01
1846,Neelofar Kala,4,Brand Manager,53766,2024-11-08
1847,Alia Khatri,5,Sales Manager,95371,2022-10-28
1848,Jivin De,3,Analyst,104456,2024-08-05
1849,Jivin Karnik,2,HR Executive,61306,2017-09-22
1850,Siya Srivastava,2,HR Manager,37432,2017-04-25
1851,Pranay Gara,2,HR Executive,95309,2017-06-02
1852,Armaan Chowdhury,1,Data Engineer,75257,2022-06-09
1853,Armaan Sami,3,Accountant,101460,2016-04-08
1854,Ojas Ramachandran,4,Brand Manager,30269,2022-01-02
1855,Kiaan Keer,5,Sales Executive,107385,2016-06-30
1856,Bhamini Mahal,6,Operations Manager,85763,2024-02-05
1857,Samarth Bahri,6,Operations Manager,104731,2020-12-19
1858,Hiran Sem,1,System Analyst,88979,2018-05-31
1859,Reyansh Bakshi,4,Marketing Executive,56212,2019-11-05
1860,Eva Comar,1,System Analyst,109569,2023-03-06
1861,Advik Kar,3,Analyst,101281,2024-07-29
1862,Mahika Dash,6,Operations Manager,74947,2015-10-19
1863,Riaan Karan,5,Sales Manager,103110,2017-04-04
1864,Ranbir Bhardwaj,1,Developer,77953,2023-03-21
1865,Shlok Batta,3,Accountant,100215,2015-11-21
1866,Advik Biswas,2,HR Executive,113603,2018-11-04
1867,Pranay Bhardwaj,6,Operations Manager,34156,2021-03-08
1868,Nehmat Gopal,4,Brand Manager,96131,2016-12-18
1869,Anahita Savant,6,Operations Executive,60189,2023-12-08
1870,Ira Ahuja,4,Marketing Executive,51581,2019-10-07
1871,Ryan Rajan,3,Accountant,51139,2022-05-15
1872,Sana Lalla,4,Brand Manager,104186,2018-05-15
1873,Nayantara Devi,3,Analyst,55429,2018-09-08
1874,Hansh Chatterjee,1,Developer,105413,2017-12-14
1875,Riya Gera,2,HR Executive,47177,2017-10-28
1876,Yakshit Sanghvi,5,Sales Manager,86223,2017-06-01
1877,Bhavin Sangha,5,Sales Manager,55943,2020-09-17
1878,Bhamini Taneja,3,Finance Manager,102439,2018-03-11
1879,Krish Sankaran,5,Sales Executive,93058,2018-04-18
1880,Nishith Khosla,3,Accountant,98570,2023-06-26
1881,Jivika Shan,2,HR Manager,94937,2022-08-30
1882,Pranay Ram,3,Finance Manager,60500,2025-04-26
1883,Vidur Dayal,4,Marketing Executive,37016,2018-06-25
1884,Vanya Shenoy,1,System Analyst,49910,2020-03-16
1885,Ryan Bala,5,Sales Executive,70406,2023-12-06
1886,Elakshi Zachariah,5,Sales Executive,104892,2020-01-28
1887,Nitya Bail,6,Operations Manager,82732,2018-03-23
1888,Taran Chaudhary,3,Analyst,55851,2022-07-27
1889,Ranbir Deshpande,6,Operations Manager,115069,2022-08-18
1890,Jayan Sur,3,Finance Manager,100568,2019-04-25
1891,Mahika Sekhon,4,Marketing Executive,37770,2019-06-16
1892,Vanya Thakur,1,Developer,67915,2020-08-05
1893,Saira Buch,5,Sales Manager,82898,2020-01-26
1894,Pari Keer,4,Marketing Executive,60377,2018-10-21
1895,Lakshay Kumer,2,HR Manager,92586,2015-10-22
1896,Vivaan Kata,3,Analyst,40475,2021-01-20
1897,Madhup Mannan,1,Developer,92209,2021-06-28
1898,Zeeshan Vohra,4,Marketing Executive,54823,2017-04-09
1899,Ishaan Rau,6,Operations Manager,41677,2019-10-26
1900,Nitya Chada,1,System Analyst,47784,2020-02-01
1901,Hazel Salvi,4,Marketing Executive,45574,2023-02-08
1902,Jhanvi Balasubramanian,6,Operations Manager,119717,2025-03-17
1903,Pranay Sawhney,5,Sales Manager,88536,2025-09-13
1904,Kimaya Zacharia,5,Sales Manager,67972,2020-11-08
1905,Mehul Das,5,Sales Executive,95240,2022-07-10
1906,Vivaan Talwar,6,Operations Executive,83105,2015-12-30
1907,Abram Wason,2,HR Manager,56751,2018-01-10
1908,Anika Devi,5,Sales Manager,76856,2021-08-25
1909,Kabir Bala,2,HR Manager,84093,2020-11-10
1910,Hunar Arya,6,Operations Executive,32564,2017-11-20
1911,Rohan Khare,4,Brand Manager,82969,2021-05-01
1912,Samiha Bhatia,2,HR Executive,60588,2025-09-05
1913,Shalv Rege,2,HR Executive,81570,2017-03-22
1914,Sumer Chacko,3,Accountant,98571,2024-12-13
1915,Misha Yohannan,6,Operations Manager,93710,2021-10-24
1916,Yashvi Sabharwal,3,Accountant,116822,2022-06-30
1917,Adah Kaur,4,Marketing Executive,118900,2022-05-07
1918,Prisha Gara,2,HR Executive,33370,2016-06-01
1919,Drishya Ratta,1,Developer,48122,2019-11-14
1920,Samiha Chander,2,HR Manager,101387,2025-04-03
1921,Hazel Venkatesh,5,Sales Executive,47814,2020-02-24
1922,Amani Agarwal,1,Developer,42755,2020-04-19
1923,Lakshit Dugar,6,Operations Manager,59895,2017-11-23
1924,Hrishita Mangal,4,Marketing Executive,36012,2020-07-21
1925,Nirvi Bala,5,Sales Manager,112961,2021-12-03
1926,Rohan Chacko,4,Marketing Executive,89935,2024-07-25
1927,Vivaan Sehgal,5,Sales Executive,34813,2019-11-10
1928,Adira Sandal,4,Brand Manager,62865,2020-07-21
1929,Renee Lad,1,System Analyst,63179,2020-05-10
1930,Advika Dave,3,Analyst,74178,2018-04-04
1931,Reyansh Kaul,2,HR Manager,94680,2016-02-04
1932,Samar Badal,1,System Analyst,104846,2016-03-15
1933,Ira Bhargava,4,Brand Manager,91853,2019-07-22
1934,Ayesha Virk,4,Marketing Executive,82034,2021-09-05
1935,Nirvi Chander,6,Operations Manager,106214,2018-06-13
1936,Indranil Seshadri,2,HR Manager,119670,2019-12-08
1937,Zara Bath,1,System Analyst,85000,2023-10-23
1938,Tanya Bobal,1,System Analyst,90695,2017-06-27
1939,Hunar Thaker,2,HR Manager,66735,2020-10-07
1940,Myra Butala,3,Analyst,62171,2018-09-28
1941,Fateh Sahni,1,System Analyst,114311,2020-10-22
1942,Elakshi Chaudhry,1,Developer,108188,2017-10-16
1943,Anahi Sem,2,HR Executive,97770,2016-12-28
1944,Jhanvi Chowdhury,6,Operations Manager,65538,2016-02-19
1945,Shray Dhaliwal,6,Operations Executive,38065,2016-10-20
1946,Mannat Krishna,6,Operations Executive,30845,2019-01-17
1947,Anahi Ranganathan,5,Sales Executive,58235,2021-06-01
1948,Jivin Gala,5,Sales Manager,119659,2024-03-19
1949,Jiya Ganguly,3,Accountant,59276,2019-10-25
1950,Khushi Kalla,5,Sales Manager,108999,2020-09-07
1951,Hridaan Ramaswamy,3,Accountant,63889,2020-04-14
1952,Pranay Edwin,1,System Analyst,45169,2020-02-23
1953,Eva Sathe,1,System Analyst,40607,2017-12-17
1954,Inaaya  Som,3,Finance Manager,49586,2020-05-12
1955,Ela Bajaj,2,HR Manager,38033,2024-12-02
1956,Mehul Lall,5,Sales Manager,52311,2019-12-28
1957,Farhan Keer,5,Sales Manager,113269,2020-09-30
1958,Alia Bala,6,Operations Executive,84350,2020-07-01
1959,Farhan Amble,2,HR Manager,100354,2017-08-01
1960,Suhana Krish,2,HR Manager,107067,2017-06-27
1961,Ryan Gulati,5,Sales Executive,65045,2016-12-01
1962,Pari Dyal,2,HR Executive,80704,2025-01-11
1963,Shanaya Thaker,4,Marketing Executive,53908,2017-09-10
1964,Kabir Bala,2,HR Executive,94493,2016-01-27
1965,Navya Bhatnagar,1,Developer,67068,2016-04-27
1966,Ishita Jhaveri,4,Marketing Executive,60111,2016-02-01
1967,Zain Saini,3,Accountant,104758,2023-11-21
1968,Zoya Chowdhury,5,Sales Executive,53774,2025-07-10
1969,Aarav Issac,4,Marketing Executive,106059,2021-10-03
1970,Ishaan Solanki,1,Developer,41461,2023-03-10
1971,Aarav Lall,5,Sales Manager,64736,2022-10-27
1972,Sahil Khanna,2,HR Executive,74858,2016-12-17
1973,Aaryahi Ben,6,Operations Executive,112996,2021-03-13
1974,Nitya Rajagopalan,1,System Analyst,46070,2021-06-26
1975,Tiya Kamdar,5,Sales Executive,58506,2016-09-23
1976,Kabir Raja,1,Developer,102005,2023-02-11
1977,Shamik Samra,2,HR Manager,113410,2023-07-27
1978,Hazel Anne,3,Accountant,32989,2022-10-25
1979,Aaina Lal,1,Data Engineer,91552,2023-06-10
1980,Aarna Jayaraman,3,Accountant,119961,2025-01-07
1981,Priyansh Deshpande,5,Sales Executive,36425,2021-05-13
1982,Vanya Gopal,2,HR Executive,35956,2016-11-15
1983,Kashvi Chokshi,1,Data Engineer,68870,2018-05-05
1984,Uthkarsh Dayal,6,Operations Manager,108708,2015-10-29
1985,Mahika Suresh,5,Sales Manager,118303,2018-09-04
1986,Sara Vala,6,Operations Manager,69128,2025-09-01
1987,Jayesh Mall,3,Finance Manager,34397,2016-04-28
1988,Vedika Jani,2,HR Manager,82080,2018-04-10
1989,Zain Chander,6,Operations Manager,81614,2019-08-16
1990,Ivana Kaul,4,Brand Manager,76052,2016-06-07
1991,Ishaan Sharaf,1,Developer,99856,2021-01-31
1992,Anika Dave,4,Marketing Executive,91343,2025-09-17
1993,Reyansh Jhaveri,6,Operations Executive,35109,2019-01-26
1994,Tarini Ramaswamy,2,HR Executive,110938,2015-12-21
1995,Sumer Ahluwalia,1,Data Engineer,46587,2016-07-25
1996,Divit Kalita,1,System Analyst,57415,2021-08-08
1997,Gokul Garg,4,Marketing Executive,51478,2021-06-26
1998,Advik Gala,6,Operations Executive,88810,2024-12-30
1999,Kartik Sha,3,Finance Manager,82534,2022-03-19
2000,Raunak Yohannan,4,Brand Manager,34181,2020-01-29
